participant_id,total_points
8,8.14047619047619
11,1.6666666666666667
15,1.5430555555555556
10,1.4821428571428572
13,1
1,0.9107142857142857
7,0.798611111111111
14,0.7666666666666666
4,0.5111111111111111
2,0.2875
3,0.2875
5,0.2875
9,0.2875
12,0.2875
16,0.2875
6,0.25555555555555554
