participant_id,total_points
8,12.992857142857144
15,8.596654995331466
13,5.374369747899159
5,3.8602834612105714
10,3.4439075630252103
1,2.64016258677384
11,2.637851662404092
2,2.51182407745707
16,2.4282106320789185
7,2.403227479397556
3,2.226950127877238
9,2.2077502740226524
12,1.9415281329923275
14,1.6515406162464985
4,1.2609832338732594
6,1.221898266552998
