participant_id,total_points
8,24.29285714285714
15,18.430114379084966
12,17.495790707587382
7,16.208176328502415
5,16.169661125319692
16,15.343435635123615
1,14.972576421873098
11,14.882065217391306
13,14.166176470588235
3,13.536327791986361
2,13.260102301790281
10,11.905357142857143
9,11.878580562659847
4,10.656358340437624
14,9.96078431372549
6,9.241636118215402
