participant_id,total_points
8,15.564285714285715
15,12.764722222222222
13,9.25
10,7.06281512605042
5,5.2541453537936915
1,4.948602484472049
7,4.352843847684001
2,4.247282608695652
11,3.9257033248081843
3,3.920812020460358
9,3.903420716112532
6,3.7629468599033817
16,3.744341432225064
12,3.085262148337596
4,2.575561238988349
14,2.537254901960784
