participant_id,total_points
8,19.864285714285714
15,17.294302054154997
13,11.857310924369749
5,9.073147911338449
10,8.785189075630253
2,6.792188527584948
16,6.724947631226404
1,6.6311119230300815
9,6.597858969674827
3,6.488147911338449
7,6.39575944870702
12,6.112393435635124
11,5.665530690537085
6,5.379654021028702
14,5.13389355742297
4,4.704278204035237
