participant_id,total_points
8,24.29285714285714
15,18.430114379084966
13,14.166176470588235
5,11.949200767263427
10,11.893592436974789
12,11.147453111679454
16,11.111210571184996
14,9.925490196078432
7,9.87160343847684
9,9.762468030690536
3,9.315867433930094
2,9.051406649616368
1,8.659532943612227
11,8.557257033248082
4,8.528481102585962
6,7.137288292128446
