participant_id,total_points
8,12.992857142857144
15,8.596654995331466
13,5.374369747899159
10,3.9439075630252103
5,3.8602834612105714
11,3.137851662404092
2,3.01182407745707
1,2.9734959201071733
9,2.7077502740226524
16,2.594877298745585
3,2.560283461210571
7,2.403227479397556
12,2.2748614663256608
6,1.721898266552998
14,1.6515406162464985
4,1.5943165672065926
