participant_id,total_points
8,20.29285714285714
15,18.25644491129785
13,13.143025210084033
10,10.570903361344538
5,9.61988704177323
2,8.696070515162587
1,8.31848252344416
16,7.866924856899281
9,7.812299963463646
3,7.3682203751065645
7,7.2833681443591924
12,7.253335464620631
11,6.948139386189259
6,6.1805235862460925
14,5.991036414565826
4,5.298481102585962
