participant_id,total_points
8,2.9666666666666663
11,1.5333333333333332
1,0
2,0
3,0
4,0
5,0
6,0
7,0
9,0
10,0
12,0
13,0
14,0
15,0
16,0
