participant_id,total_points
8,24.29285714285714
15,18.430114379084966
13,14.166176470588235
5,13.375287723785167
12,13.286583546462063
16,12.537297527706736
7,12.010733873259449
10,11.893592436974789
1,10.798663378394837
3,10.741954390451834
11,10.696387468030691
2,10.477493606138108
9,10.475511508951406
14,9.925490196078432
4,9.241524580846832
6,7.850331770389316
