participant_id,total_points
8,12.792857142857143
15,3.4180555555555556
10,2.817857142857143
13,2.5
11,1.8
1,1.3892857142857142
7,1.1736111111111112
14,0.7666666666666666
2,0.6625
3,0.6625
5,0.6625
9,0.6625
12,0.6625
16,0.6625
4,0.5111111111111111
6,0.25555555555555554
