participant_id,total_points
8,12.792857142857143
15,4.11234126984127
10,3.432142857142857
13,3.4214285714285713
11,2.4260869565217393
1,2.3225155279503107
7,1.87969806763285
2,1.6941770186335403
16,1.3870341614906831
14,1.380952380952381
12,1.2885869565217392
9,1.1783385093167702
3,1.079891304347826
5,1.079891304347826
4,0.7198067632850241
6,0.5042512077294685
