participant_id,total_points
8,12.992857142857144
15,8.620184407096172
13,5.4449579831932775
5,3.907342284739983
10,3.4439075630252103
1,2.6636919985385457
11,2.637851662404092
2,2.5353534892217757
16,2.4517400438436243
7,2.403227479397556
3,2.2740089514066497
9,2.2312796857873587
12,1.9650575447570333
14,1.6985994397759103
4,1.2845126456379652
6,1.2454276783177038
