participant_id,total_points
8,15.564285714285715
15,13.450436507936509
13,10.278571428571428
10,7.7485294117647054
1,5.291459627329193
5,5.2541453537936915
2,4.932996894409938
7,4.352843847684001
9,4.246277858969675
16,4.087198575082207
11,3.9257033248081843
3,3.920812020460358
6,3.7629468599033817
14,3.2229691876750697
12,3.085262148337596
4,2.575561238988349
