participant_id,total_points
8,6.183333333333333
11,1.6666666666666667
15,1.2875
13,1
1,0.575
10,0.575
2,0.2875
3,0.2875
5,0.2875
7,0.2875
9,0.2875
12,0.2875
16,0.2875
4,0
6,0
14,0
