participant_id,total_points
8,10.407142857142858
11,1.8
15,1.7930555555555556
10,1.4821428571428572
7,1.0486111111111112
13,1
1,0.9107142857142857
14,0.7666666666666666
2,0.5375
3,0.5375
5,0.5375
9,0.5375
12,0.5375
16,0.5375
4,0.5111111111111111
6,0.25555555555555554
