participant_id,total_points
4,23.103933747412007
10,21.889347826086958
5,21.718695652173913
6,19.36
14,18.694710144927537
9,18.229171842650103
12,17.224824016563147
2,16.06851966873706
8,15.55547619047619
13,12.858933747412008
3,12.648757763975155
11,12.25083850931677
7,11.160714285714286
1,10.136076604554866
