participant_id,total_points
4,21.57141414141414
16,17.662222222222223
10,17.017373737373738
5,16.073333333333334
14,15.77
2,15.6
9,15.559696969696969
15,14.511515151515152
6,14.116969696969697
12,14.094141414141415
13,13.550404040404041
8,13.060404040404041
3,11.91010101010101
7,11.201212121212121
11,10.614848484848485
1,8.586363636363636
