team,matches_played,total_points,total_shares,points_per_share
SCO,9,7,1,7
RSA,5,16,3,5.333333333333333
"NAM",9,9,2,4.5
PAK,7,22,5,4.4
NZL,8,34,10,3.4
AUS,8,66,23,2.869565217391304
LKA,9,15,7,2.142857142857143
OMN,3,2,1,2
AFG,5,8,5,1.6
BAN,9,5,5,1
ENG,7,18,24,0.75
IND,5,12,21,0.5714285714285714
IRE,4,2,5,0.4
WIN,5,4,10,0.4
NED,3,0,3,0
PNG,3,0,1,0
